{
   "ScheduleUs": {
        "dbConfig": {
            "host": "aa1xwnrestn2lry.cui20sx6g4w1.us-east-1.rds.amazonaws.com",
            "port": 5432,
            "user": "postgres",
            "database": "ScheduleUs",
            "password": "fcklauraintheass"
        },
        "evConfig": {
            "envURL": "localhost:8000"
        },
        "twilio": {
            "sid": "AC7223dc45444723c4435a5a958ae0f708",
            "token": "15b9848e22b1fc25c3b0e7a719d72a45"
        },
        "recaptcha": {
            "secret": "6Lc1xa4UAAAAAN-A_Vg3QL6pBLNTxjpj-hlLV_f-"
        }
    }
}
